actual,prob_0,prob_1,predicted
1,0.4791787949602222,0.5208212050397778,1
1,0.7197640293907326,0.28023597060926747,0
1,0.3731348285321465,0.6268651714678535,1
0,0.6297681558439947,0.37023184415600524,0
1,0.23211913216116598,0.767880867838834,1
0,0.06690789034542144,0.9330921096545786,1
1,0.5144245487168703,0.48557545128312973,0
0,0.7734753567346453,0.2265246432653547,0
1,0.13251513431108708,0.8674848656889129,1
1,0.14444489922111947,0.8555551007788805,1
1,0.48481455443138133,0.5151854455686187,1
1,0.13460563458031893,0.8653943654196811,1
1,0.3296474067186532,0.6703525932813468,1
1,0.12464115943322907,0.8753588405667709,1
0,0.17013659553534877,0.8298634044646512,1
0,0.5540213785742509,0.4459786214257491,0
1,0.7460638740438552,0.2539361259561448,0
1,0.2188476605790879,0.7811523394209121,1
0,0.4989337169282203,0.5010662830717797,1
1,0.3753307681122404,0.6246692318877596,1
0,0.42085612036212183,0.5791438796378782,1
0,0.6411863377585802,0.35881366224141975,0
0,0.5695532280352396,0.43044677196476044,0
1,0.12814770184327362,0.8718522981567264,1
1,0.4340947105367977,0.5659052894632023,1
0,0.16869384867392512,0.8313061513260749,1
1,0.4104074629732558,0.5895925370267442,1
1,0.2639285498769618,0.7360714501230382,1
1,0.5002820807271373,0.4997179192728627,0
1,0.5015115393310354,0.4984884606689645,0
1,0.0929255090806348,0.9070744909193652,1
0,0.5466196151228954,0.45338038487710464,0
0,0.5876447245800338,0.41235527541996625,0
1,0.11154210066959747,0.8884578993304025,1
1,0.10735805294358702,0.892641947056413,1
0,0.1890697214626208,0.8109302785373792,1
0,0.5496262418700886,0.4503737581299114,0
1,0.1124650908857332,0.8875349091142668,1
1,0.10848879096765685,0.8915112090323432,1
1,0.09902735628535664,0.9009726437146434,1
0,0.38915530580473157,0.6108446941952684,1
0,0.6248808250751574,0.3751191749248426,0
1,0.3160234180224525,0.6839765819775475,1
0,0.6841439025088002,0.3158560974911998,0
1,0.05594947156814434,0.9440505284318557,1
1,0.2725355642499365,0.7274644357500635,1
0,0.6891260377673362,0.31087396223266384,0
1,0.27710211064377044,0.7228978893562296,1
1,0.3013752425689513,0.6986247574310487,1
1,0.40276566195411323,0.5972343380458868,1
1,0.186834984626019,0.813165015373981,1
0,0.7049576846603082,0.29504231533969183,0
0,0.7669265100260316,0.23307348997396843,0
0,0.5379964214155902,0.46200357858440977,0
1,0.11507332770897982,0.8849266722910202,1
0,0.3090204288440509,0.6909795711559491,1
0,0.5866824591198216,0.41331754088017836,0
0,0.6686540102295793,0.33134598977042073,0
1,0.08586227499312205,0.914137725006878,1
1,0.1729516644656519,0.8270483355343481,1
1,0.6803989036896732,0.3196010963103269,0
1,0.161264143728433,0.838735856271567,1
1,0.7099447793883438,0.2900552206116562,0
1,0.4311987670001125,0.5688012329998875,1
1,0.6597558091176334,0.34024419088236657,0
0,0.5658520015512059,0.4341479984487942,0
1,0.14435823152301763,0.8556417684769824,1
0,0.6986796225258646,0.3013203774741354,0
0,0.2643201220873965,0.7356798779126035,1
1,0.33531155423528924,0.6646884457647108,1
1,0.20754281370403893,0.7924571862959611,1
1,0.17775590926644702,0.822244090733553,1
1,0.19658085540292758,0.8034191445970724,1
1,0.2963077527514856,0.7036922472485144,1
1,0.33252591512111807,0.6674740848788819,1
1,0.13108982553902393,0.8689101744609761,1
1,0.11366976429652376,0.8863302357034762,1
0,0.6768261364165848,0.3231738635834152,0
1,0.4067700941797928,0.5932299058202072,1
1,0.36519773535169575,0.6348022646483042,1
1,0.21123644945783182,0.7887635505421682,1
0,0.3007055748479268,0.6992944251520732,1
1,0.45414094314373454,0.5458590568562655,1
1,0.09919429738938979,0.9008057026106102,1
1,0.16698835353001473,0.8330116464699853,1
1,0.13830757054399168,0.8616924294560083,1
1,0.3887441342284508,0.6112558657715492,1
1,0.17236306320461903,0.827636936795381,1
1,0.25779861717860664,0.7422013828213934,1
1,0.2457627874639816,0.7542372125360184,1
0,0.5574672904280981,0.44253270957190194,0
0,0.06775347393091191,0.9322465260690881,1
1,0.33216164086719935,0.6678383591328007,1
1,0.3235458170228602,0.6764541829771398,1
0,0.5532855623415405,0.4467144376584595,0
1,0.21634993691926085,0.7836500630807391,1
1,0.40488961799750844,0.5951103820024916,1
0,0.6172740836653378,0.38272591633466224,0
0,0.48924707307172843,0.5107529269282716,1
0,0.2511552728371559,0.7488447271628441,1
1,0.15392806696739836,0.8460719330326016,1
1,0.19860742269130716,0.8013925773086928,1
0,0.3502218390029114,0.6497781609970886,1
1,0.3790033806017159,0.6209966193982841,1
1,0.12522590979151504,0.874774090208485,1
0,0.7603133284425379,0.23968667155746215,0
0,0.7655162634032068,0.2344837365967932,0
1,0.21920465098860398,0.780795349011396,1
0,0.5138163482827474,0.48618365171725264,0
0,0.30646528367970427,0.6935347163202957,1
1,0.3169900544408466,0.6830099455591534,1
0,0.3516345877365965,0.6483654122634035,1
1,0.30014057805655103,0.699859421943449,1
1,0.24105822956937695,0.758941770430623,1
1,0.06469437117825394,0.9353056288217461,1
0,0.1001251518451014,0.8998748481548986,1
1,0.18297715943984194,0.8170228405601581,1
1,0.2572885891558462,0.7427114108441538,1
0,0.11000390642123248,0.8899960935787675,1
0,0.37614659168917464,0.6238534083108254,1
0,0.5624084292765102,0.43759157072348975,0
1,0.3331637414299705,0.6668362585700295,1
0,0.42084065872179455,0.5791593412782055,1
1,0.19250822863575057,0.8074917713642494,1
1,0.1176093384367769,0.8823906615632231,1
1,0.10732405640480236,0.8926759435951976,1
1,0.1648580298197888,0.8351419701802112,1
1,0.7200721536162321,0.2799278463837679,0
0,0.28119678566501716,0.7188032143349828,1
1,0.36030358209467905,0.639696417905321,1
1,0.1386500365986355,0.8613499634013645,1
0,0.572974493657737,0.42702550634226305,0
1,0.1697838756765747,0.8302161243234253,1
0,0.7082003692071916,0.2917996307928083,0
0,0.13401507233370424,0.8659849276662958,1
1,0.0845449498326194,0.9154550501673806,1
0,0.7570251888923405,0.24297481110765945,0
1,0.26886434325654174,0.7311356567434583,1
1,0.3550438907439547,0.6449561092560453,1
0,0.4857940302261443,0.5142059697738557,1
1,0.11728099211461807,0.8827190078853819,1
0,0.7602557518191404,0.2397442481808596,0
1,0.27063113603419275,0.7293688639658072,1
0,0.6665028917922331,0.33349710820776685,0
1,0.29986040946059944,0.7001395905394006,1
1,0.065322544728044,0.934677455271956,1
1,0.3927121669381767,0.6072878330618233,1
1,0.2755467028101014,0.7244532971898986,1
1,0.15664168779430987,0.8433583122056901,1
0,0.6595049664061408,0.3404950335938592,0
0,0.08466976183566621,0.9153302381643338,1
1,0.6976942522621035,0.3023057477378966,0
0,0.09643112027774592,0.9035688797222541,1
1,0.23337679864709404,0.766623201352906,1
0,0.3896565251128057,0.6103434748871943,1
0,0.5684297492930885,0.4315702507069115,0
0,0.5340094648107565,0.46599053518924344,0
0,0.5640991128030175,0.43590088719698256,0
0,0.3132724419565961,0.6867275580434039,1
1,0.5241574130244342,0.4758425869755658,0
0,0.11692308218925274,0.8830769178107473,1
0,0.6056278386085902,0.39437216139140985,0
1,0.5189921617844986,0.48100783821550147,0
1,0.44501333059346426,0.5549866694065357,1
0,0.6909208951873951,0.30907910481260487,0
1,0.32715662493913067,0.6728433750608693,1
1,0.3074904066765888,0.6925095933234112,1
1,0.2189185168211435,0.7810814831788565,1
0,0.11474333455335017,0.8852566654466498,1
1,0.3329041826678213,0.6670958173321787,1
1,0.33237817256942215,0.6676218274305779,1
0,0.6191496133136919,0.3808503866863081,0
1,0.24277591614231386,0.7572240838576861,1
1,0.2924453384570471,0.7075546615429529,1
1,0.3671739842411139,0.6328260157588861,1
0,0.6962945230820883,0.30370547691791167,0
0,0.2975689137164612,0.7024310862835388,1
0,0.5725125749395623,0.4274874250604377,0
1,0.48293966373122466,0.5170603362687753,1
0,0.6955108925460989,0.3044891074539011,0
1,0.4668464987411446,0.5331535012588554,1
0,0.7531217093214119,0.2468782906785881,0
0,0.1443386279360137,0.8556613720639863,1
1,0.23777838029922593,0.7622216197007741,1
1,0.47569637223121797,0.524303627768782,1
0,0.12153306876925785,0.8784669312307422,1
1,0.41506780110979036,0.5849321988902096,1
1,0.17563520788711562,0.8243647921128844,1
1,0.4192844418520464,0.5807155581479536,1
1,0.04691807770186218,0.9530819222981378,1
1,0.31571184900468263,0.6842881509953174,1
0,0.11363577711256234,0.8863642228874377,1
1,0.1625798427208337,0.8374201572791663,1
1,0.3262317880500345,0.6737682119499655,1
1,0.31176723546570506,0.6882327645342949,1
0,0.5540898427194172,0.4459101572805828,0
1,0.49996779850686524,0.5000322014931348,1
1,0.15559323305405937,0.8444067669459406,1
1,0.3602023059250883,0.6397976940749117,1
1,0.3440427086689598,0.6559572913310402,1
1,0.3155551429933935,0.6844448570066065,1
1,0.14910699003409544,0.8508930099659046,1
1,0.3403680752880994,0.6596319247119006,1
0,0.14578443815223863,0.8542155618477614,1
1,0.11670704173786062,0.8832929582621394,1
0,0.2319832822873782,0.7680167177126218,1
1,0.3618705988501547,0.6381294011498453,1
1,0.2892392170992065,0.7107607829007935,1
1,0.2806317285939972,0.7193682714060028,1
1,0.3748068878284847,0.6251931121715153,1
0,0.503872104077112,0.496127895922888,0
0,0.5837253860582996,0.4162746139417004,0
1,0.15468352469237034,0.8453164753076297,1
1,0.17249321566875886,0.8275067843312411,1
1,0.3724663987350999,0.6275336012649001,1
1,0.11004715587545644,0.8899528441245436,1
0,0.2587615061467212,0.7412384938532788,1
1,0.333979256734772,0.666020743265228,1
0,0.22907447109386103,0.770925528906139,1
0,0.2832497674503267,0.7167502325496733,1
1,0.45580682132009476,0.5441931786799052,1
1,0.11481854307616912,0.8851814569238309,1
1,0.09357551876354564,0.9064244812364544,1
0,0.11842011321618184,0.8815798867838182,1
1,0.09038490190028148,0.9096150980997185,1
1,0.11888060067003281,0.8811193993299672,1
1,0.1350904467997598,0.8649095532002402,1
1,0.41692655978883875,0.5830734402111613,1
1,0.2468800256464092,0.7531199743535908,1
1,0.29377480016251634,0.7062251998374837,1
1,0.24505919629988182,0.7549408037001182,1
1,0.38145424209809553,0.6185457579019045,1
1,0.33005137771559856,0.6699486222844014,1
1,0.598350380115205,0.401649619884795,0
0,0.7567282435432678,0.2432717564567322,0
1,0.1029037540034955,0.8970962459965045,1
0,0.4635541916675935,0.5364458083324065,1
1,0.5422341600743016,0.4577658399256984,0
1,0.184792895424838,0.815207104575162,1
0,0.47921165036647984,0.5207883496335202,1
1,0.2535861959946949,0.7464138040053051,1
0,0.24315245187682588,0.7568475481231741,1
0,0.08782718436094195,0.912172815639058,1
1,0.49115954554804075,0.5088404544519592,1
0,0.24920147230790846,0.7507985276920915,1
1,0.057445627964969215,0.9425543720350308,1
0,0.7066899257961581,0.293310074203842,0
1,0.09397019170277865,0.9060298082972214,1
1,0.29076737013153353,0.7092326298684665,1
1,0.3299099689315951,0.6700900310684049,1
1,0.2099998523242561,0.7900001476757439,1
0,0.47736289163957024,0.5226371083604298,1
1,0.46081538985616155,0.5391846101438384,1
1,0.3840804417767054,0.6159195582232946,1
1,0.14627891227098777,0.8537210877290122,1
1,0.1649107885004759,0.8350892114995241,1
1,0.40314864024343466,0.5968513597565653,1
1,0.33252195344361546,0.6674780465563845,1
1,0.35882112486155504,0.641178875138445,1
1,0.3417920186554352,0.6582079813445648,1
1,0.13038809995698586,0.8696119000430141,1
1,0.3395393674292755,0.6604606325707245,1
0,0.1762464415829501,0.8237535584170499,1
0,0.6016563715136442,0.39834362848635585,0
0,0.7233928458296702,0.27660715417032977,0
1,0.4546131366108197,0.5453868633891803,1
1,0.1586373466554336,0.8413626533445664,1
1,0.6354221678003664,0.3645778321996335,0
1,0.3026244021091493,0.6973755978908507,1
0,0.5885727125566416,0.4114272874433585,0
1,0.22212665886109872,0.7778733411389013,1
1,0.29319205336247456,0.7068079466375254,1
0,0.5575574204173748,0.4424425795826253,0
1,0.6564776803315322,0.34352231966846775,0
1,0.1408625728693932,0.8591374271306068,1
1,0.32678821604161523,0.6732117839583848,1
0,0.07386821080792005,0.92613178919208,1
1,0.4060925441477954,0.5939074558522046,1
1,0.22108279762509586,0.7789172023749041,1
0,0.4781756945975064,0.5218243054024936,1
1,0.49206455685570194,0.5079354431442981,1
0,0.3178189716535468,0.6821810283464532,1
0,0.5813159804881931,0.41868401951180684,0
0,0.20026538233142954,0.7997346176685705,1
0,0.26099325252351824,0.7390067474764818,1
1,0.2715804947073197,0.7284195052926803,1
1,0.06054821720312842,0.9394517827968716,1
1,0.1671243399990835,0.8328756600009165,1
0,0.6533967279795221,0.34660327202047786,0
0,0.5324091496671138,0.46759085033288617,0
1,0.14876668049826525,0.8512333195017348,1
0,0.5718962935401692,0.4281037064598307,0
1,0.2260951862624988,0.7739048137375012,1
1,0.2731829024209469,0.7268170975790531,1
1,0.29925616136107747,0.7007438386389225,1
1,0.2737441318120557,0.7262558681879443,1
0,0.28199995822201473,0.7180000417779853,1
1,0.3541991385714255,0.6458008614285745,1
1,0.2689867534245277,0.7310132465754723,1
0,0.4046761118004948,0.5953238881995052,1
1,0.40703652695507375,0.5929634730449262,1
1,0.22818116959022516,0.7718188304097748,1
1,0.2282825412732299,0.7717174587267701,1
1,0.2508456455650395,0.7491543544349605,1
1,0.12226379962758749,0.8777362003724125,1
1,0.10076166849605406,0.8992383315039459,1
1,0.17751077104589408,0.8224892289541059,1
0,0.6519475307688842,0.3480524692311158,0
0,0.18799083000964556,0.8120091699903544,1
1,0.06532785632840865,0.9346721436715913,1
1,0.23406718916194358,0.7659328108380564,1
1,0.12379819258108216,0.8762018074189178,1
0,0.4098308595581883,0.5901691404418117,1
0,0.4601669211986513,0.5398330788013487,1
1,0.2163805788751214,0.7836194211248786,1
0,0.46024614942593345,0.5397538505740666,1
1,0.4195826578526799,0.5804173421473201,1
1,0.15182142614027028,0.8481785738597297,1
0,0.7444023503512529,0.2555976496487471,0
0,0.42105988515153414,0.5789401148484659,1
1,0.33683371706656307,0.6631662829334369,1
1,0.2000473602353262,0.7999526397646738,1
0,0.5067765705453198,0.4932234294546803,0
1,0.374489943986398,0.625510056013602,1
1,0.19298180147550958,0.8070181985244904,1
1,0.29236288479075867,0.7076371152092413,1
1,0.43517222180315074,0.5648277781968493,1
1,0.573638218207488,0.4263617817925121,0
1,0.4375777871451111,0.5624222128548889,1
0,0.6179635470274543,0.3820364529725458,0
0,0.8215817438421273,0.17841825615787263,0
1,0.2778157073341745,0.7221842926658255,1
1,0.168941386555592,0.831058613444408,1
1,0.24004294574812202,0.759957054251878,1
0,0.4439931555846146,0.5560068444153854,1
0,0.24738606058746648,0.7526139394125335,1
1,0.08637243236895564,0.9136275676310444,1
1,0.2649517703053119,0.7350482296946881,1
1,0.30075960170344684,0.6992403982965532,1
1,0.42802902753623284,0.5719709724637672,1
1,0.10189634379412849,0.8981036562058715,1
0,0.8079474474974034,0.19205255250259654,0
0,0.45837929244292286,0.5416207075570771,1
1,0.46493647722802844,0.5350635227719716,1
0,0.6966524482307297,0.30334755176927025,0
1,0.16639470142360346,0.8336052985763965,1
1,0.30150861058802103,0.698491389411979,1
0,0.5494942868020942,0.4505057131979057,0
1,0.3004611304639778,0.6995388695360222,1
1,0.21418280292561265,0.7858171970743874,1
1,0.4323778948266973,0.5676221051733027,1
1,0.17484992424090817,0.8251500757590918,1
1,0.0684605588675341,0.9315394411324659,1
0,0.16275866471850997,0.83724133528149,1
1,0.07668295960126603,0.923317040398734,1
0,0.5108978558632453,0.4891021441367547,0
1,0.766635056655236,0.23336494334476396,0
1,0.3233595972278913,0.6766404027721087,1
1,0.25445357710754946,0.7455464228924505,1
0,0.31730943432734804,0.682690565672652,1
1,0.4730911648394217,0.5269088351605783,1
1,0.4100959963203016,0.5899040036796984,1
1,0.21564774482812388,0.7843522551718761,1
0,0.5152499467782442,0.4847500532217558,0
1,0.1431724795889231,0.8568275204110769,1
0,0.5969983163599862,0.40300168364001376,0
0,0.34966680554516927,0.6503331944548307,1
1,0.1278757797747775,0.8721242202252225,1
0,0.7227487340399334,0.2772512659600665,0
1,0.18485029987608048,0.8151497001239195,1
1,0.3841270596109406,0.6158729403890594,1
1,0.0810775528552331,0.9189224471447669,1
0,0.09436906703117998,0.90563093296882,1
1,0.30970432436507356,0.6902956756349264,1
0,0.6978822818159676,0.3021177181840325,0
1,0.2976934388850919,0.7023065611149081,1
1,0.5071308130456837,0.49286918695431625,0
1,0.04677971326815056,0.9532202867318494,1
1,0.25941096366542427,0.7405890363345757,1
1,0.08402548909726526,0.9159745109027347,1
1,0.22165102030820105,0.778348979691799,1
1,0.3608015011372029,0.6391984988627971,1
1,0.319429664002842,0.680570335997158,1
0,0.3624243392790252,0.6375756607209748,1
0,0.8250340071353205,0.1749659928646795,0
1,0.5255248276105356,0.47447517238946435,0
0,0.3929017690639005,0.6070982309360995,1
0,0.42061007803986006,0.5793899219601399,1
1,0.1344627583368554,0.8655372416631446,1
0,0.6262438845875471,0.3737561154124529,0
1,0.449995018549294,0.550004981450706,1
0,0.21320157845518972,0.7867984215448103,1
1,0.10816551006798314,0.8918344899320169,1
1,0.19616597643207767,0.8038340235679223,1
1,0.13536707745622512,0.8646329225437749,1
1,0.28951606104317296,0.710483938956827,1
0,0.1139324626113486,0.8860675373886514,1
0,0.46133435036995085,0.5386656496300491,1
1,0.1853960147335948,0.8146039852664052,1
0,0.6122536525021589,0.38774634749784104,0
